movieId,count,mean,deviation,title
356,81491,8.096022873691574,1.87762046119837,Forrest Gump (1994)
318,81482,8.82715200903267,1.5208875265413857,"Shawshank Redemption, The (1994)"
296,79672,8.377824078722764,1.9176764307819958,Pulp Fiction (1994)
593,74127,8.302683232830143,1.723758100599616,"Silence of the Lambs, The (1991)"
2571,72674,8.30819825522195,1.8257480466116482,"Matrix, The (1999)"
260,68717,8.240377199237452,1.963523859725735,Star Wars: Episode IV - A New Hope (1977)
480,64144,7.358349962584185,1.8795685198489605,Jurassic Park (1993)
527,60411,8.49515816655907,1.7495066761029499,Schindler's List (1993)
110,59184,8.004545147337119,1.9350668400087665,Braveheart (1995)
2959,58773,8.456621237643136,1.74063817975084,Fight Club (1999)
589,57379,7.89274821798916,1.825989902856957,Terminator 2: Judgment Day (1991)
1196,57361,8.288244626139711,1.886974378176561,Star Wars: Episode V - The Empire Strikes Back (1980)
1,57309,7.787415589174476,1.843103781931086,Toy Story (1995)
4993,55736,8.182377637433616,2.0020046081768976,"Lord of the Rings: The Fellowship of the Ring, The (2001)"
50,55366,8.568706426326626,1.5762399817232478,"Usual Suspects, The (1995)"
1210,54917,7.99302583899339,1.8826483064922286,Star Wars: Episode VI - Return of the Jedi (1983)
1198,54675,8.247846364883403,1.7468895109754614,Raiders of the Lost Ark (Indiana Jones and the Raiders of the Lost Ark) (1981)
2858,53689,8.214680847100896,1.8168936276268488,American Beauty (1999)
858,52498,8.64867233037449,1.7461100121450917,"Godfather, The (1972)"
5952,51138,8.136102311392703,1.9806973160006214,"Lord of the Rings: The Two Towers, The (2002)"
7153,50797,8.180679961415045,2.0057781291805292,"Lord of the Rings: The Return of the King, The (2003)"
47,50596,8.158332674519725,1.7094783923868175,Seven (a.k.a. Se7en) (1995)
457,49638,7.9443168540231275,1.5594542028842948,"Fugitive, The (1993)"
1270,49595,7.907752797661055,1.71889814149975,Back to the Future (1985)
780,48902,6.747863073084946,2.103102823372631,Independence Day (a.k.a. ID4) (1996)
150,48377,7.74711123054344,1.7031920658132476,Apollo 13 (1995)
608,47823,8.22284256529285,1.8132810309340102,Fargo (1996)
32,47054,7.811535682407447,1.7266293091473728,Twelve Monkeys (a.k.a. 12 Monkeys) (1995)
2028,46783,8.08821580488639,1.8076508235842985,Saving Private Ryan (1998)
2762,46713,8.019502065806092,1.693309836424898,"Sixth Sense, The (1999)"
3578,44656,7.902946972411322,1.848484065878809,Gladiator (2000)
592,44110,6.8138063931081385,1.6903090299984889,Batman (1989)
588,43373,7.397505360477717,1.855928694682401,Aladdin (1992)
364,42745,7.634273014387648,1.874973267224242,"Lion King, The (1994)"
4306,42303,7.509656525541923,1.8878526541630491,Shrek (2001)
380,41673,6.984546348954959,1.8728289270195364,True Lies (1994)
590,41615,7.451375705875285,1.9239478685991227,Dances with Wolves (1990)
58559,41519,8.333076422842554,1.786356909725516,"Dark Knight, The (2008)"
377,41302,6.96249576291705,1.8820379703363606,Speed (1994)
4226,41195,8.299915038232795,1.602099275398409,Memento (2000)
1580,40308,7.163416691475637,1.8078522960029981,Men in Black (a.k.a. MIB) (1997)
1704,38947,8.149870336611292,1.6193367463579171,Good Will Hunting (1997)
79132,38895,8.311016840210824,1.6911366474908858,Inception (2010)
1240,38612,7.793613384440071,1.7626825963644837,"Terminator, The (1984)"
1291,37908,7.970402025957582,1.7221054759345036,Indiana Jones and the Last Crusade (1989)
1197,37863,8.258194015265563,1.8268787616856683,"Princess Bride, The (1987)"
1136,37723,8.295310553243379,1.7964542219353015,Monty Python and the Holy Grail (1975)
1721,37712,6.762303775986424,2.2809094876141436,Titanic (1997)
1265,37616,7.7835229689493834,1.7627017824175417,Groundhog Day (1993)
344,37453,5.9796812004378825,2.225028380077018,Ace Ventura: Pet Detective (1994)
6539,37227,7.578424261960405,1.8657012324271227,Pirates of the Caribbean: The Curse of the Black Pearl (2003)
648,37035,6.8032941811799645,1.793928047484073,Mission: Impossible (1996)
1036,36716,7.8664614881795405,1.739811575752229,Die Hard (1988)
541,36702,8.231676747861153,1.803159513095015,Blade Runner (1982)
1214,36357,8.111037764392002,1.791739248382359,Alien (1979)
1193,36058,8.437323201508681,1.5809840319699013,One Flew Over the Cuckoo's Nest (1975)
595,35723,7.361839711110489,1.9756429316550694,Beauty and the Beast (1991)
6377,34712,7.667953445494353,1.7703152427400886,Finding Nemo (2003)
1089,34634,8.18458739966507,1.6882873661675255,Reservoir Dogs (1992)
367,34621,6.366078391727564,1.9853618155164605,"Mask, The (1994)"
1097,34602,7.4661580255476565,1.9228859990236935,E.T. the Extra-Terrestrial (1982)
4886,34572,7.697240541478653,1.7467434523457261,"Monsters, Inc. (2001)"
4973,34320,8.202564102564102,1.8657230117791184,"Amelie (Fabuleux destin d'Amélie Poulain, Le) (2001)"
597,34234,6.85298241514284,1.9682658987217638,Pretty Woman (1990)
500,34194,6.772620927648125,1.9160969992969115,Mrs. Doubtfire (1993)
1221,34188,8.523517023517023,1.7599039440634803,"Godfather: Part II, The (1974)"
6874,33827,7.715641351583055,2.0229844234882948,Kill Bill: Vol. 1 (2003)
165,33731,7.013133319498384,1.7902557835445585,Die Hard: With a Vengeance (1995)
1682,33731,7.719486525747828,1.6386216712587127,"Truman Show, The (1998)"
293,33680,8.177197149643705,1.6227041206854325,Léon: The Professional (a.k.a. The Professional) (Léon) (1994)
7361,33225,8.132701279157262,1.792947766153877,Eternal Sunshine of the Spotless Mind (2004)
1527,33153,7.539890809278195,1.9134687467869205,"Fifth Element, The (1997)"
1213,32663,8.361050730184001,1.6111401940385546,Goodfellas (1990)
3793,32584,7.119322366805794,1.8129048923546822,X-Men (2000)
2716,32118,7.518151815181518,1.7582237968519785,Ghostbusters (a.k.a. Ghost Busters) (1984)
733,31979,7.3372213014790955,1.8393089118679609,"Rock, The (1996)"
231,31843,5.929937505888264,2.406799838991995,Dumb & Dumber (Dumb and Dumber) (1994)
2628,31837,6.139711656249019,2.2874156740564664,Star Wars: Episode I - The Phantom Menace (1999)
4963,31775,7.61837922895358,1.6461592651917436,Ocean's Eleven (2001)
4995,31760,7.922197732997481,1.6060077881876995,"Beautiful Mind, A (2001)"
1200,31684,7.998674409796743,1.8387986785633499,Aliens (1986)
34,31456,7.206383519837233,2.2097611390154133,Babe (1995)
2329,31157,8.280001283820651,1.5275035413843485,American History X (1998)
153,31101,5.7433201504774765,1.9238052187408903,Batman Forever (1995)
736,31040,6.378092783505155,2.009727809077689,Twister (1996)
316,30910,6.742122290520867,1.8900977231385172,Stargate (1994)
33794,30684,7.8599269977838615,1.7141100118984105,Batman Begins (2005)
8961,30562,7.709770302990642,1.803849946824186,"Incredibles, The (2004)"
3147,30482,8.055508168755331,1.6779141295674482,"Green Mile, The (1999)"
5445,30195,7.379996688193409,1.6479790253044997,Minority Report (2002)
5349,30010,6.957280906364545,1.8785586077271759,Spider-Man (2002)
2997,29943,7.866947199679391,1.8773415023046716,Being John Malkovich (1999)
1258,29931,8.055728174802045,1.7667630195183663,"Shining, The (1980)"
1206,29856,7.968381564844587,2.024784898125782,"Clockwork Orange, A (1971)"
586,29540,6.283750846310088,2.0446752113237725,Home Alone (1990)
111,29133,8.166958432018673,1.715621842527794,Taxi Driver (1976)
5418,28934,7.81755028685975,1.639616933726519,"Bourne Identity, The (2002)"
924,28820,7.962699514226232,2.081820754258331,2001: A Space Odyssey (1968)
778,28702,8.015329942164309,1.7783844621640834,Trainspotting (1996)
587,28516,6.8684247440033666,1.9832043285336818,Ghost (1990)
7438,28502,7.646445863448179,1.9868893720392422,Kill Bill: Vol. 2 (2004)
10,28265,6.84291526623032,1.7423820664332474,GoldenEye (1995)
539,28137,7.018907488360521,1.9378304859635798,Sleepless in Seattle (1993)
1073,28079,7.426831439866092,1.9218789442370983,Willy Wonka & the Chocolate Factory (1971)
5989,27935,7.85806336137462,1.4935030443380646,Catch Me If You Can (2002)
3996,27905,7.704855760616377,1.9430428265749546,"Crouching Tiger, Hidden Dragon (Wo hu cang long) (2000)"
1732,27826,7.948752964853015,1.9283380805822217,"Big Lebowski, The (1998)"
1961,27813,7.800488979973394,1.572792837645601,Rain Man (1988)
349,27766,7.310379600950803,1.6409485053111454,Clear and Present Danger (1994)
1617,27749,8.126455007387653,1.6434052862300506,L.A. Confidential (1997)
253,27577,7.017840954418538,1.8735135511112952,Interview with the Vampire: The Vampire Chronicles (1994)
208,27377,5.730467180479965,2.0616601625465405,Waterworld (1995)
60069,27374,8.00986337400453,1.7912802927218867,WALL·E (2008)
4878,27181,7.908134358559288,1.8745969544081136,Donnie Darko (2001)
2918,27099,7.831359090741356,1.7453301255643021,Ferris Bueller's Day Off (1986)
912,26890,8.413127556712533,1.7972624541022366,Casablanca (1942)
750,26714,8.431608894212772,1.7675279022554706,Dr. Strangelove or: How I Learned to Stop Worrying and Love the Bomb (1964)
357,26709,7.2816653562469575,1.8599097619201586,Four Weddings and a Funeral (1994)
3114,26536,7.622927343985529,1.9197878765657472,Toy Story 2 (1999)
1208,26370,8.229427379598029,1.7859175438555608,Apocalypse Now (1979)
39,26230,6.837476172321769,1.9815782129557922,Clueless (1995)
4896,26033,7.356316982291706,2.018019657271356,Harry Potter and the Sorcerer's Stone (a.k.a. Harry Potter and the Philosopher's Stone) (2001)
44191,25990,7.816083108888034,1.7976525757765858,V for Vendetta (2006)
1222,25946,8.086795652509057,1.5889449477699717,Full Metal Jacket (1987)
59315,25671,7.667601573760274,1.8155138508460325,Iron Man (2008)
48516,25343,8.24247326677978,1.547615875856929,"Departed, The (2006)"
1923,25144,7.038975501113586,2.0679100558105805,There's Something About Mary (1998)
68954,25127,7.9271699765192825,1.7699491331150718,Up (2009)
4011,25101,8.126648340703557,1.6596498565692939,Snatch (2000)
4022,25024,7.32604699488491,1.7673815536543385,Cast Away (2000)
1246,24954,7.844754348000321,1.7270177774780253,Dead Poets Society (1989)
2683,24951,6.387439381187127,2.1910880113380666,Austin Powers: The Spy Who Shagged Me (1999)
2706,24867,6.564000482567258,2.265698723010243,American Pie (1999)
292,24760,6.8210016155088855,1.7412800429713267,Outbreak (1995)
919,24658,7.877362316489577,1.9350396948061552,"Wizard of Oz, The (1939)"
329,24615,6.645338208409506,1.9261134861662672,Star Trek: Generations (1994)
6,24588,7.709817797299496,1.7557411532869676,Heat (1995)
72998,24548,7.244500570311227,2.1479716091064143,Avatar (2009)
2115,24306,7.391878548506542,1.8194627321931482,Indiana Jones and the Temple of Doom (1984)
2,24228,6.503054317318805,1.9197028866064412,Jumanji (1995)
1387,24188,7.56478419050769,1.9500468106990492,Jaws (1975)
454,24161,6.998841107570051,1.6235279571888113,"Firm, The (1993)"
1968,24077,7.6695601611496445,1.7454164768354397,"Breakfast Club, The (1985)"
2396,24063,7.581016498358475,2.00709207544245,Shakespeare in Love (1998)
223,24050,7.694428274428274,1.951993103344135,Clerks (1994)
2324,23976,8.308683683683684,1.8718309422635717,Life Is Beautiful (La Vita è bella) (1997)
2291,23807,7.452051917503256,1.7922304858521423,Edward Scissorhands (1990)
288,23259,6.515542370695215,2.3615605892264484,Natural Born Killers (1994)
4027,23259,7.753600756696333,1.8245194384779484,"O Brother, Where Art Thou? (2000)"
1517,23254,6.822826180442075,2.1669854824347357,Austin Powers: International Man of Mystery (1997)
1784,23145,7.549708360337005,1.8041060597648912,As Good as It Gets (1997)
434,23089,6.098531768374551,1.8493930592452115,Cliffhanger (1993)
68157,23077,8.02279325735581,1.7895423709699023,Inglourious Basterds (2009)
1307,23074,7.663604056513825,1.8704973204098196,When Harry Met Sally... (1989)
6365,23064,6.693765175164759,2.114611217779354,"Matrix Reloaded, The (2003)"
185,23018,6.205708575897124,1.9215505495436165,"Net, The (1995)"
2011,22990,7.109699869508482,1.934745377759768,Back to the Future Part II (1989)
1393,22960,7.193902439024391,1.8504186642606764,Jerry Maguire (1996)
2502,22957,7.965674957529294,1.6770665923643229,Office Space (1999)
48780,22943,8.186462101730376,1.5483140502676982,"Prestige, The (2006)"
5618,22719,8.424534530569128,1.8080281452324936,Spirited Away (Sen to Chihiro no kamikakushi) (2001)
1259,22694,7.982021679739138,1.5519424310718475,Stand by Me (1986)
1917,22671,5.986061488244895,2.2620709428769215,Armageddon (1998)
109487,22634,8.19585579217107,1.8263883476362863,Interstellar (2014)
8368,22561,7.622224192190062,1.9229301388004907,Harry Potter and the Prisoner of Azkaban (2004)
1080,22484,7.976116349404021,1.788612867764317,Monty Python's Life of Brian (1979)
2355,22471,7.138311601619866,1.7983591336966425,"Bug's Life, A (1998)"
2916,22428,7.213750668806848,1.7484781080117313,Total Recall (1990)
161,22340,7.479722470904208,1.651137538681261,Crimson Tide (1995)
21,22277,7.140324101090811,1.8427027349915308,Get Shorty (1995)
32587,22271,7.560190382111266,1.962937518037872,Sin City (2005)
1610,22165,7.725693661177532,1.672093008979632,"Hunt for Red October, The (1990)"
1219,22146,8.134426081459406,1.724654389682666,Psycho (1960)
339,22111,6.998778888336123,1.863755649545139,While You Were Sleeping (1995)
3949,22066,7.987356113477748,1.8860283025494904,Requiem for a Dream (2000)
5816,22030,7.283567862006355,1.9827843140232186,Harry Potter and the Chamber of Secrets (2002)
551,21940,7.476526891522334,1.9395217048657365,"Nightmare Before Christmas, The (1993)"
2987,21899,7.083382802867711,1.8874358416030643,Who Framed Roger Rabbit? (1988)
1653,21890,7.608953860210142,1.7464405502662224,Gattaca (1997)
2012,21881,6.6745578355651025,2.029462225882119,Back to the Future Part III (1990)
1584,21638,7.369072927257602,1.9118217303278802,Contact (1997)
19,21552,5.284335560504825,2.32253359460046,Ace Ventura: When Nature Calls (1995)
1225,21085,8.139198482333413,1.691240566137588,Amadeus (1984)
5378,21079,6.107405474643009,2.277824069995711,Star Wars: Episode II - Attack of the Clones (2002)
2174,20847,7.001247181848707,1.8792836841627696,Beetlejuice (1988)
141,20757,7.0203304909187265,1.9601864497907724,"Birdcage, The (1996)"
8636,20725,6.890952955367913,1.9892777833089912,Spider-Man 2 (2004)
99114,20687,8.009764586455262,1.7489382637607642,Django Unchained (2012)
95,20642,6.154490843910474,1.9171382965343984,Broken Arrow (1996)
2791,20475,7.598339438339439,1.9391538486590902,Airplane! (1980)
54286,20474,7.838771124352838,1.7127639851955605,"Bourne Ultimatum, The (2007)"
1220,20460,7.6003421309872925,1.911439187008803,"Blues Brothers, The (1980)"
49272,20455,7.64131019310682,1.718950520263159,Casino Royale (2006)
1101,20453,6.832640688407569,2.0054215715068646,Top Gun (1986)
2797,20407,7.234086342921547,1.7829488695867062,Big (1988)
6711,20288,7.587884463722397,2.005062135142006,Lost in Translation (2003)
8360,20198,6.950935736211506,1.975293970770001,Shrek 2 (2004)
904,20162,8.475895248487253,1.5535157848005776,Rear Window (1954)
1573,20129,6.65596899995032,2.0578210926310923,Face/Off (1997)
8665,20091,7.708725299885521,1.6739960692805278,"Bourne Supremacy, The (2004)"
25,20070,7.354608868958644,2.0752360463199495,Leaving Las Vegas (1995)
3948,20058,6.789061721009074,1.985595534504332,Meet the Parents (2000)
6333,19963,7.202424485297801,1.797383723755555,X2: X-Men United (2003)
91529,19912,7.942697870630775,1.8780779670994001,"Dark Knight Rises, The (2012)"
508,19902,7.6042608783036885,1.7512965998913246,Philadelphia (1993)
6016,19894,8.36317482658088,1.6869135924383807,City of God (Cidade de Deus) (2002)
3897,19887,7.667320360034193,1.7679268359561364,Almost Famous (2000)
48394,19868,7.959834910408698,1.8189002890107488,"Pan's Labyrinth (Laberinto del fauno, El) (2006)"
17,19729,7.897612651426834,1.9310548695884904,Sense and Sensibility (1995)
1079,19715,7.6690337306619325,1.7860256571490734,"Fish Called Wanda, A (1988)"
8874,19558,7.755343082114735,1.8251020314951882,Shaun of the Dead (2004)
2710,19486,5.795853433234117,2.46344488177074,"Blair Witch Project, The (1999)"
36,19388,7.83737363317516,1.8018668222865966,Dead Man Walking (1995)
2542,19260,8.05332294911734,1.6867186641768317,"Lock, Stock & Two Smoking Barrels (1998)"
1356,19202,7.309186543068431,1.9781020813042876,Star Trek: First Contact (1996)
104,19190,6.788796248045857,2.1539211376709497,Happy Gilmore (1996)
50872,19157,7.622279062483687,1.7946757073513029,Ratatouille (2007)
788,19138,5.622165325530358,2.2013273163593294,"Nutty Professor, The (1996)"
2617,19103,6.411034915981783,2.112734098048345,"Mummy, The (1999)"
923,19091,8.18537530773663,1.9695023713292494,Citizen Kane (1941)
63082,19073,7.665233576259634,1.7636321329453772,Slumdog Millionaire (2008)
46578,19048,7.726742965140697,1.7465353523614149,Little Miss Sunshine (2006)
300,18997,7.32757803863768,1.6245005365784708,Quiz Show (1994)
2000,18949,7.387988812074516,1.741524096194036,Lethal Weapon (1987)
2692,18891,7.939971414959505,1.6806740622668956,Run Lola Run (Lola rennt) (1998)
74458,18886,7.929524515514138,1.6878327235330668,Shutter Island (2010)
40815,18848,7.535759762308999,1.9609913908823147,Harry Potter and the Goblet of Fire (2005)
1485,18777,6.476167651914577,1.9525090244159258,Liar Liar (1997)
51662,18769,7.135009856678566,2.1079646013155453,300 (2007)
3751,18762,6.977507728387166,1.9939745632778172,Chicken Run (2000)
1247,18724,8.063020722067934,1.7162309504600382,"Graduate, The (1967)"
33493,18703,6.777789659412928,2.236982373958959,Star Wars: Episode III - Revenge of the Sith (2005)
1625,18647,7.734219981766504,1.7212229062244884,"Game, The (1997)"
55820,18474,8.052289704449496,1.7695935952090638,No Country for Old Men (2007)
16,18404,7.647413605737883,1.7206574972604247,Casino (1995)
3623,18337,5.961716747559579,2.093046186918765,Mission: Impossible II (2000)
56367,18306,7.4656943078771985,1.842515234322517,Juno (2007)
62,18242,7.430709352044732,1.9672907274649145,Mr. Holland's Opus (1995)
5218,18215,7.080373318693384,1.889565724870712,Ice Age (2002)
1201,18162,8.258671952428147,1.6811656337773722,"Good, the Bad and the Ugly, The (Buono, il brutto, il cattivo, Il) (1966)"
3408,18105,7.1451532725766365,1.8279773442232905,Erin Brockovich (2000)
442,18088,6.142580716497125,1.9720399255654542,Demolition Man (1993)
6934,18074,6.4199955737523515,2.231061608032168,"Matrix Revolutions, The (2003)"
474,17996,7.442487219382085,1.5158599214924608,In the Line of Fire (1993)
70286,17970,7.612966054535336,1.8645964297419126,District 9 (2009)
594,17940,7.164604236343367,1.970048932707442,Snow White and the Seven Dwarfs (1937)
3977,17923,5.5058862913574735,2.1623397129153843,Charlie's Angels (2000)
440,17918,7.201808237526509,1.627645667450417,Dave (1993)
410,17836,6.023267548777753,1.8732673552087267,Addams Family Values (1993)
1391,17814,5.940720781407881,2.184487769601231,Mars Attacks! (1996)
2700,17806,7.252723800965967,2.2238999836046665,"South Park: Bigger, Longer and Uncut (1999)"
89745,17572,7.560493967675848,2.060309391500806,"Avengers, The (2012)"
1127,17568,7.336520947176685,1.7516508678416658,"Abyss, The (1989)"
7147,17528,7.5971588315837515,1.7717108214615747,Big Fish (2003)
8644,17321,6.939553143582934,1.8228044805852825,"I, Robot (2004)"
1676,17245,6.580284140330531,2.207015456182698,Starship Troopers (1997)
337,17234,7.502437043054427,1.7415295188266744,What's Eating Gilbert Grape (1993)
3052,17152,7.250641324626866,2.02067173877129,Dogma (1999)
5995,17070,8.094786174575278,1.6503955566947432,"Pianist, The (2002)"
11,17042,7.314341039784063,1.8097901421269245,"American President, The (1995)"
4034,17023,7.595077248428597,1.762843623329536,Traffic (2000)
3481,17019,7.611845584346907,1.7411841968793662,High Fidelity (2000)
1252,16929,8.31726622954693,1.6728356760379923,Chinatown (1974)
1954,16918,7.457382669346258,1.9390239731549288,Rocky (1976)
908,16850,8.393234421364985,1.5591761454306587,North by Northwest (1959)
1090,16796,7.8072160038104315,1.6685409502525639,Platoon (1986)
3527,16762,7.313685717694786,1.844834708128041,Predator (1987)
1407,16657,6.557243201056613,2.1512186944300047,Scream (1996)
1203,16569,8.486028124811394,1.5751536739331005,12 Angry Men (1957)
1288,16558,8.017936948906874,1.8695719921536043,This Is Spinal Tap (1984)
3994,16557,6.997886090475328,1.8487918456510832,Unbreakable (2000)
1370,16548,6.894972202078801,1.7988443623335695,Die Hard 2 (1990)
134130,16489,8.066832433743707,1.6396343174410954,The Martian (2015)
368,16475,6.825553869499242,1.793697602114635,Maverick (1994)
69122,16433,7.198503012231486,2.045735631260802,"Hangover, The (2009)"
2268,16381,7.635980709358403,1.6497373337734442,"Few Good Men, A (1992)"
6502,16372,7.511116540434889,1.8071282036334704,28 Days Later (2002)
1230,16371,8.084906236637957,1.9576764981205168,Annie Hall (1977)
112852,16324,7.864493996569468,1.9080155220212933,Guardians of the Galaxy (2014)
353,16219,7.035945496023182,2.0015723837493353,"Crow, The (1994)"
1380,16206,6.625323954091077,2.2398451572032614,Grease (1978)
2712,16102,6.556949447273631,2.299608245853059,Eyes Wide Shut (1999)
2054,16092,5.437484464330102,1.9881900609714238,"Honey, I Shrunk the Kids (1989)"
68358,16090,7.676009944064637,1.863414272304319,Star Trek (2009)
45722,16056,6.9141131041355255,2.0032760768830493,Pirates of the Caribbean: Dead Man's Chest (2006)
509,15998,7.362232779097387,2.1144631988549234,"Piano, The (1993)"
1207,15986,8.292881271112224,1.7134535435477478,To Kill a Mockingbird (1962)
2194,15976,7.753067100650976,1.5494125235729128,"Untouchables, The (1987)"
903,15945,8.241643148322359,1.6510337680088478,Vertigo (1958)
1544,15928,5.996860873932697,2.0188700287192756,"Lost World: Jurassic Park, The (1997)"
4979,15833,7.54519042506158,2.0735271085064824,"Royal Tenenbaums, The (2001)"
1374,15787,7.4041933236207,2.0109897355107114,Star Trek II: The Wrath of Khan (1982)
7143,15759,7.336379211878926,1.8323546064688367,"Last Samurai, The (2003)"
266,15759,7.000698013833365,2.073056356030037,Legends of the Fall (1994)
317,15733,6.256149494692684,2.0210832162284187,"Santa Clause, The (1994)"
106782,15732,7.775108060005085,1.8755429754997026,"Wolf of Wall Street, The (2013)"
1234,15675,8.284720893141946,1.5755057489762603,"Sting, The (1973)"
7254,15645,7.405624800255673,1.928667595660903,The Butterfly Effect (2004)
1278,15594,7.969924329870463,1.8220538860500772,Young Frankenstein (1974)
235,15582,7.328776793736362,1.9134181841414495,Ed Wood (1994)
116797,15520,7.990657216494846,1.6152114820464745,The Imitation Game (2014)
1394,15470,7.751260504201681,1.903870706742448,Raising Arizona (1987)
1199,15455,8.028663862827564,1.9700143426403887,Brazil (1985)
2353,15414,7.1432463993771895,1.7200356979409868,Enemy of the State (1998)
786,15412,6.269660005190761,1.9772453704524091,Eraser (1996)
953,15384,8.065717628705148,1.9871942544288776,It's a Wonderful Life (1946)
2985,15346,6.724292975368174,2.02809339698648,RoboCop (1987)
555,15314,7.621783988507248,1.7737091281110313,True Romance (1993)
1148,15270,8.249574328749182,1.8898176757756713,Wallace & Gromit: The Wrong Trousers (1993)
1304,15265,8.079266295447102,1.6362813487961203,Butch Cassidy and the Sundance Kid (1969)
1035,15248,7.603029905561385,2.168723279332344,"Sound of Music, The (1965)"
3753,15170,6.900856954515491,2.1011235274879243,"Patriot, The (2000)"
6373,15145,6.421789369428854,1.8995093742653262,Bruce Almighty (2003)
2081,15145,7.063519313304721,2.0901640963308705,"Little Mermaid, The (1989)"
1028,15121,7.4530785000992,1.9915987435422677,Mary Poppins (1964)
1552,15116,6.39593807885684,2.007615514185419,Con Air (1997)
4246,15098,6.773877334746324,2.067036063646811,Bridget Jones's Diary (2001)
1641,15077,7.369171585859256,1.8318688897278608,"Full Monty, The (1997)"
48774,15063,7.795791011086769,1.7430525475864938,Children of Men (2006)
1997,15002,7.4896013864818025,2.0918333593523157,"Exorcist, The (1973)"
3471,14984,7.55552589428724,1.776202610121955,Close Encounters of the Third Kind (1977)
4262,14900,7.874765100671141,1.7374155436114902,Scarface (1983)
1266,14802,7.989596000540468,1.72378877053703,Unforgiven (1992)
173,14758,5.110719609703212,2.0782791031227545,Judge Dredd (1995)
1183,14748,7.239083265527529,2.2847267734882704,"English Patient, The (1996)"
2640,14746,6.7918079479180795,1.8627517392437178,Superman (1978)
1608,14737,6.609689896179684,1.9277274254399315,Air Force One (1997)
35836,14727,6.915257689957222,2.0254097124779222,"40-Year-Old Virgin, The (2005)"
350,14696,6.933315187806206,1.6276500130843752,"Client, The (1994)"
3081,14669,7.047856022905447,1.7552058427947603,Sleepy Hollow (1999)
920,14668,7.619648213798746,2.165558727556069,Gone with the Wind (1939)
2395,14666,7.7036683485612985,2.029985625434665,Rushmore (1998)
3175,14659,7.215567228323897,1.930975777997206,Galaxy Quest (1999)
81845,14610,7.833949349760438,1.6516618704366062,"King's Speech, The (2010)"
73017,14515,7.493765070616604,1.7961456777711118,Sherlock Holmes (2009)
784,14457,5.411772843605174,2.109477983243429,"Cable Guy, The (1996)"
78499,14426,7.715513655899072,1.9755606982224494,Toy Story 3 (2010)
5459,14383,6.0232218591392614,1.9834218330757443,Men in Black II (a.k.a. MIIB) (a.k.a. MIB 2) (2002)
51255,14356,7.703747561994985,1.801563591582361,Hot Fuzz (2007)
54001,14346,7.537780566011432,2.0130287191531444,Harry Potter and the Order of the Phoenix (2007)
553,14333,7.406683876369218,1.8416302526526922,Tombstone (1993)
2671,14329,6.917649521948496,1.9925676115206152,Notting Hill (1999)
30707,14317,7.658727387022421,1.757841609987288,Million Dollar Baby (2004)
520,14245,6.134994734994735,2.0797327232765106,Robin Hood: Men in Tights (1993)
4308,14239,7.058079921342791,2.322002587865432,Moulin Rouge (2001)
163,14216,6.8785171637591445,1.8921166618270515,Desperado (1995)
56174,14182,6.982089973205472,1.8813521711910532,I Am Legend (2007)
69844,14175,7.669770723104056,2.008118079629151,Harry Potter and the Half-Blood Prince (2009)
6863,14156,6.772040124328907,1.884277911670033,School of Rock (2003)
70,14118,6.653137838220712,2.1033779757036433,From Dusk Till Dawn (1996)
81834,14053,7.730875969543869,2.0124182662787957,Harry Potter and the Deathly Hallows: Part 1 (2010)
3253,14041,6.910049141799017,1.9010679272363487,Wayne's World (1992)
80463,14034,7.50812312954254,1.7521469145531998,"Social Network, The (2010)"
1777,14009,6.782568348918552,1.9302090474326472,"Wedding Singer, The (1998)"
370,13958,5.957730333858719,2.1025690944864075,Naked Gun 33 1/3: The Final Insult (1994)
420,13942,5.500215177162531,1.9850509992580974,Beverly Hills Cop III (1994)
708,13940,6.78206599713056,1.8366836244828009,"Truth About Cats & Dogs, The (1996)"
4370,13924,6.5531456478023555,2.0835399116822693,A.I. Artificial Intelligence (2001)
1500,13905,7.457820927723841,1.7562462907608212,Grosse Pointe Blank (1997)
122904,13900,7.705323741007194,2.0564556197580908,Deadpool (2016)
160,13853,5.204432252941601,2.0533782173879924,Congo (1995)
2006,13850,6.563321299638989,1.9411696827379061,"Mask of Zorro, The (1998)"
832,13849,6.892266589645462,1.8155337367451718,Ransom (1996)
2302,13844,7.205576422999133,1.8047616451584467,My Cousin Vinny (1992)
76093,13833,7.822525843996241,1.8441539442320931,How to Train Your Dragon (2010)
1320,13783,6.224479431183342,1.9824996322197586,Alien³ (a.k.a. Alien 3) (1992)
1673,13777,7.408942440299049,1.920343484328915,Boogie Nights (1997)
5502,13776,6.490055168408827,2.052993698434764,Signs (2002)
3176,13769,7.010966664245769,1.9244395947275181,"Talented Mr. Ripley, The (1999)"
91500,13741,7.03798850156466,2.028081065804515,The Hunger Games (2012)
48385,13716,6.7245552639253425,2.3909747940332826,Borat: Cultural Learnings of America for Make Benefit Glorious Nation of Kazakhstan (2006)
2572,13710,7.066156090444931,1.961869286740113,10 Things I Hate About You (1999)
653,13693,6.438034031987146,1.962857561542574,Dragonheart (1996)
71535,13628,7.525902553566187,1.8078588824345005,Zombieland (2009)
5669,13619,7.413246200161539,2.0291286497443477,Bowling for Columbine (2002)
2321,13600,7.151323529411765,1.7341208857659756,Pleasantville (1998)
6942,13585,7.458299595141701,2.0474463885114584,Love Actually (2003)
134853,13580,7.86480117820324,1.9341043472696047,Inside Out (2015)
1639,13576,7.237993517972893,1.986140615524412,Chasing Amy (1997)
1233,13573,8.2541810948206,1.7422108923189636,"Boot, Das (Boat, The) (1981)"
81591,13517,7.571724495080269,1.884692332863531,Black Swan (2010)
1645,13496,7.094694724362774,1.9152665682837402,The Devil's Advocate (1997)
122882,13479,7.710067512426738,2.1147336756578894,Mad Max: Fury Road (2015)
48,13461,5.955501077185945,2.122726826206087,Pocahontas (1995)
88125,13455,7.813972500929022,2.0277796674687583,Harry Potter and the Deathly Hallows: Part 2 (2011)
5010,13454,7.365616173628661,1.8462925304712936,Black Hawk Down (2001)
64614,13428,7.818736967530533,1.6601203380109348,Gran Torino (2008)
6378,13413,7.1015432789085216,1.755773104026211,"Italian Job, The (2003)"
1377,13401,6.260876054025819,1.8922461050361024,Batman Returns (1992)
2657,13400,6.701865671641791,2.425791728329679,"Rocky Horror Picture Show, The (1975)"
2019,13367,8.50953841550086,1.726914464200082,Seven Samurai (Shichinin no samurai) (1954)
2599,13275,7.542297551789077,1.8944380643557235,Election (1999)
4720,13208,7.430193821926105,1.7236949572304265,"Others, The (2001)"
435,13194,5.1629528573594055,2.009219471866448,Coneheads (1993)
2001,13181,6.684697670889918,1.882948071126713,Lethal Weapon 2 (1989)
2406,13180,6.962746585735964,1.7634765812877484,Romancing the Stone (1984)
1204,13173,8.272071661732332,1.8574889900178686,Lawrence of Arabia (1962)
485,13156,5.5990422620857405,1.967735723953708,Last Action Hero (1993)
3000,13136,8.276187576126675,1.7526094846312756,Princess Mononoke (Mononoke-hime) (1997)
2529,13132,7.250380749314651,1.9939507193494963,Planet of the Apes (1968)
497,13084,7.764292265362275,1.8276473501565413,Much Ado About Nothing (1993)
109374,13077,8.033493920623997,1.7982803736177437,"Grand Budapest Hotel, The (2014)"
54503,13014,7.469494390656217,1.9636555786648282,Superbad (2007)
2167,13011,6.726385366228576,2.0037231276580054,Blade (1998)
196,12993,5.672054183021627,1.9655989791454591,Species (1995)
2804,12980,7.981047765793528,2.0009116065277146,"Christmas Story, A (1983)"
466,12947,5.879508766509616,2.035943691194588,Hot Shots! Part Deux (1993)
33679,12847,6.467424301393321,1.9952480732733577,Mr. & Mrs. Smith (2005)
2699,12831,5.584521861117606,2.016419081260599,Arachnophobia (1990)
112556,12818,7.868544234669995,1.7295827322865769,Gone Girl (2014)
145,12796,6.551031572366364,1.970586295111833,Bad Boys (1995)
3160,12769,7.738115749079802,2.0493645300163963,Magnolia (1999)
5299,12757,6.775339029552403,2.0755962632006675,My Big Fat Greek Wedding (2002)
92259,12745,8.249509611612398,1.833901628986283,Intouchables (2011)
596,12742,6.965154606812117,2.0110465018895765,Pinocchio (1940)
5679,12742,6.698948359755141,2.1110962946262988,"Ring, The (2002)"
4014,12718,7.347853436074854,1.8590139106222838,Chocolat (2000)
1358,12700,7.998031496062992,1.7908375264598937,Sling Blade (1996)
122886,12678,7.478230004732608,2.0782494006293084,Star Wars: Episode VII - The Force Awakens (2015)
2424,12673,6.370630474236566,2.176916110413177,You've Got Mail (1998)
1250,12634,8.19028019629571,1.6268877485514641,"Bridge on the River Kwai, The (1957)"
158,12589,5.842958138057034,2.0484388453466518,Casper (1995)
1376,12585,7.0025427095748904,2.1004630962702504,Star Trek IV: The Voyage Home (1986)
3535,12569,7.230249025379903,1.9950938256269102,American Psycho (2000)
115713,12547,7.93871044871284,1.6887081102736854,Ex Machina (2015)
3033,12547,6.833187216067586,2.0922427540817887,Spaceballs (1987)
41566,12518,6.786866911647228,2.0012251763909457,"Chronicles of Narnia: The Lion, the Witch and the Wardrobe, The (2005)"
30793,12503,6.351435655442693,2.0720850302483185,Charlie and the Chocolate Factory (2005)
4447,12499,6.3154652372189775,2.163265679595489,Legally Blonde (2001)
1215,12457,7.466083326643655,2.001442964641228,Army of Darkness (1993)
4848,12451,7.682113886434824,2.0779547939025806,Mulholland Drive (2001)
1729,12436,7.39064007719524,1.705976403395236,Jackie Brown (1997)
802,12436,6.940656159536829,1.9676148460017575,Phenomenon (1996)
111759,12425,7.880160965794769,1.6669913750623389,Edge of Tomorrow (2014)
4025,12401,6.103378759777438,2.1397442647535208,Miss Congeniality (2000)
1302,12352,7.27428756476684,1.9326510204510392,Field of Dreams (1989)
1722,12328,6.448004542504867,1.8511290903231934,Tomorrow Never Dies (1997)
1282,12290,7.434906427990236,2.1051074435864847,Fantasia (1940)
104841,12264,7.234099804305283,1.9655953683893095,Gravity (2013)
49530,12257,7.68899404421963,1.5876390303361283,Blood Diamond (2006)
913,12257,8.308150444643877,1.6671725786098144,"Maltese Falcon, The (1941)"
745,12241,8.208724777387468,1.9360213774649397,Wallace & Gromit: A Close Shave (1995)
1748,12170,7.611339359079704,1.7939195509966497,Dark City (1998)
3448,12164,7.333278526800394,1.6316388202830248,"Good Morning, Vietnam (1987)"
172,12156,5.503126028298783,2.0641876182453753,Johnny Mnemonic (1995)
7,12132,6.727332673920211,1.921680093076788,Sabrina (1995)
2947,12099,7.488056864203653,1.7028130192755855,Goldfinger (1964)
552,12096,6.426669973544974,1.8362694776604482,"Three Musketeers, The (1993)"
27773,11987,8.160256945023775,1.8146912011594782,Old Boy (2003)
60684,11981,7.415157332443035,1.9840138955154474,Watchmen (2009)
2470,11976,6.291666666666667,1.9248557321062767,Crocodile Dundee (1986)
1408,11946,7.427758245437803,1.8791035545594241,"Last of the Mohicans, The (1992)"
2890,11936,7.191353887399464,1.771840141818427,Three Kings (1999)
1088,11935,6.50004189359028,2.2623281976155916,Dirty Dancing (1987)
5060,11933,7.780692198106093,1.9281658704772777,M*A*S*H (a.k.a. MASH) (1970)
34405,11921,7.9625031457092525,1.7980750078169465,Serenity (2005)
3418,11898,7.176080013447638,1.852148507896608,Thelma & Louise (1991)
2005,11854,7.28344862493673,2.017463882707759,"Goonies, The (1985)"
3,11804,6.284056252117926,2.016885413632404,Grumpier Old Men (1995)
2003,11800,6.5684745762711865,1.887968977975946,Gremlins (1984)
47610,11775,7.616815286624204,1.660220917608511,"Illusionist, The (2006)"
1396,11756,7.300017012589316,1.7201693405950038,Sneakers (1992)
77561,11745,6.960834397616007,1.9676795795300484,Iron Man 2 (2010)
432,11729,5.45945945945946,1.8683425002502096,City Slickers II: The Legend of Curly's Gold (1994)
2701,11723,4.63934146549518,2.1310329561435832,Wild Wild West (1999)
2273,11720,6.87098976109215,1.8707018094099386,Rush Hour (1998)
5,11714,6.116868704114735,1.993222674397767,Father of the Bride Part II (1995)
1333,11707,7.490048688818655,1.8019483416827538,"Birds, The (1963)"
1876,11666,5.929710269158238,2.000093491614868,Deep Impact (1998)
2763,11641,7.015462589124645,1.8641862678020265,"Thomas Crown Affair, The (1999)"
1242,11608,7.920055134390076,1.6724499771456387,Glory (1989)
151,11595,7.06278568348426,1.8840434722374677,Rob Roy (1995)
225,11592,6.568064182194617,1.7526813051491752,Disclosure (1994)
4018,11573,6.207724876868573,2.052344510884845,What Women Want (2000)
6870,11552,7.637465373961219,1.6082341844761072,Mystic River (2003)
910,11549,8.120183565676681,1.7761160600157102,Some Like It Hot (1959)
6537,11546,6.117616490559501,1.9595360285072005,Terminator 3: Rise of the Machines (2003)
1276,11533,8.179658371629237,1.6229191125525417,Cool Hand Luke (1967)
1690,11518,6.057301614863691,2.062877644860916,Alien: Resurrection (1997)
3421,11517,7.583919423460971,1.9634587749671657,Animal House (1978)
4085,11508,7.143552311435523,1.724857288434393,Beverly Hills Cop (1984)
69757,11498,7.45068707601322,1.887607843442883,(500) Days of Summer (2009)
3785,11473,5.435544321450362,2.3683720742059724,Scary Movie (2000)
30749,11462,7.956901064386669,1.5622696951166342,Hotel Rwanda (2004)
3717,11448,6.1757512229210345,2.098192105337577,Gone in 60 Seconds (2000)
1909,11435,6.677219064276344,1.8854648624719128,"X-Files: Fight the Future, The (1998)"
8784,11432,7.474982505248425,1.8885221874610545,Garden State (2004)
1275,11415,7.236005256241787,1.9340855815978049,Highlander (1986)
543,11396,6.4736749736749735,1.994751834947864,So I Married an Axe Murderer (1993)
1094,11377,7.3017491430078225,2.016830885493337,"Crying Game, The (1992)"
33166,11359,7.520908530680518,1.9851265986341082,Crash (2004)
236,11357,6.630095976050013,1.8372738793660615,French Kiss (1995)
59369,11352,7.496035940803383,1.795849265741532,Taken (2008)
53125,11333,6.781258272302127,2.1396435249328896,Pirates of the Caribbean: At World's End (2007)
1263,11333,7.937792288008471,1.819345961732433,"Deer Hunter, The (1978)"
3671,11320,7.721731448763251,1.8601482286161322,Blazing Saddles (1974)
168,11309,6.163763374303652,2.194203828578908,First Knight (1995)
494,11284,6.706221198156682,1.8431137907401032,Executive Decision (1996)
1262,11265,8.207367953839325,1.5311511001175766,"Great Escape, The (1963)"
59784,11259,7.212008171240785,1.960140568357651,Kung Fu Panda (2008)
805,11232,7.3984152421652425,1.8016230425176767,"Time to Kill, A (1996)"
76251,11195,7.220723537293434,1.9222792248270124,Kick-Ass (2010)
112552,11179,8.275695500491993,1.76561627458586,Whiplash (2014)
1466,11158,7.620362072055924,1.5257302527868337,Donnie Brasco (1997)
2100,11156,6.439673718178558,1.8261608162942644,Splash (1984)
1092,11109,6.701683319830768,1.845865132678272,Basic Instinct (1992)
1907,11107,7.462951291978032,1.9039020008392342,Mulan (1998)
4776,11099,7.435895125686999,1.684449655445548,Training Day (2001)
4310,11065,5.667871667419792,2.359624151601096,Pearl Harbor (2001)
68237,11027,8.035095674254103,1.5628039112840015,Moon (2009)
87232,11011,7.461175188447916,1.8418919801610123,X-Men: First Class (2011)
5481,10992,5.905476710334789,2.1954119266363072,Austin Powers in Goldmember (2002)
2288,10979,7.763912924674378,1.9028620010214414,"Thing, The (1982)"
112,10958,6.81246577842672,1.9151389871302218,Rumble in the Bronx (Hont faan kui) (1995)
34162,10954,6.854391090012781,1.9963619286827792,Wedding Crashers (2005)
628,10950,7.520913242009132,1.6793543850447414,Primal Fear (1996)
4816,10947,6.4417648670868735,2.192116356093421,Zoolander (2001)
5902,10944,7.670321637426901,1.864860453589535,Adaptation (2002)
2294,10937,6.47261589101216,1.8916820306828306,Antz (1998)
4975,10922,6.799761948361106,2.1205557409762776,Vanilla Sky (2001)
1285,10918,7.499633632533431,1.861945373236434,Heathers (1989)
8464,10913,7.019151470722991,1.8417754622227611,Super Size Me (2004)
98809,10908,7.3264576457645765,2.0810673081057818,"Hobbit: An Unexpected Journey, The (2012)"
899,10895,8.101973382285452,1.945694421753328,Singin' in the Rain (1952)
333,10852,6.712956137117582,2.1593264796550953,Tommy Boy (1995)
7293,10816,6.5735022189349115,2.0407672570172264,50 First Dates (2004)
5377,10787,7.273291925465839,1.7382578808108051,About a Boy (2002)
265,10781,7.843335497634728,1.9186709235185655,Like Water for Chocolate (Como agua para chocolate) (1992)
2455,10780,6.900556586270872,1.910352766094564,"Fly, The (1986)"
1674,10771,7.685730201466902,1.5684682167873234,Witness (1985)
8361,10761,6.103243193011802,2.044857018037194,"Day After Tomorrow, The (2004)"
4270,10760,5.928810408921933,2.1757834722504583,"Mummy Returns, The (2001)"
3755,10753,6.141634892588115,1.9289676290907556,"Perfect Storm, The (2000)"
342,10735,7.015277130880298,2.0374154063796435,Muriel's Wedding (1994)
8798,10723,7.373402965587989,1.5662005003366517,Collateral (2004)
57669,10715,7.773215118992067,1.7525392319396609,In Bruges (2008)
1228,10712,8.105862584017924,1.781342736974319,Raging Bull (1980)
673,10707,5.521808162884095,2.2269358340221106,Space Jam (1996)
45499,10694,6.507574340751823,2.0946661202394656,X-Men: The Last Stand (2006)
3911,10677,7.633792263744498,1.8891669179800765,Best in Show (2000)
783,10676,6.528849756463095,2.1186384712588047,"Hunchback of Notre Dame, The (1996)"
64957,10634,7.1906150084634195,1.917037496720862,"Curious Case of Benjamin Button, The (2008)"
471,10631,7.315962750446807,1.8500637176296602,"Hudsucker Proxy, The (1994)"
44,10629,5.3092482829993415,2.234731594734878,Mortal Kombat (1995)
2080,10628,7.167011667293941,1.877407598652879,Lady and the Tramp (1955)
4718,10628,5.773993225442228,2.3368598316799303,American Pie 2 (2001)
2161,10555,7.042444339175746,1.9964195954422699,"NeverEnding Story, The (1984)"
5956,10550,7.072796208530805,1.8797909061321607,Gangs of New York (2002)
2023,10545,6.86638217164533,2.030045851904673,"Godfather: Part III, The (1990)"
7458,10544,6.70314871016692,2.0164564230367406,Troy (2004)
34048,10539,6.282000189771326,1.9041836309653766,War of the Worlds (2005)
31658,10512,8.186548706240487,1.7954365027684944,Howl's Moving Castle (Hauru no ugoku shiro) (2004)
5903,10493,7.461831697322024,1.8102401669253207,Equilibrium (2002)
1884,10489,7.501191724663934,2.152425660197702,Fear and Loathing in Las Vegas (1998)
58,10483,7.935800820375847,1.941713982899253,"Postman, The (Postino, Il) (1994)"
1059,10455,7.1007173601147775,2.097921950048254,William Shakespeare's Romeo + Juliet (1996)
106920,10428,7.769083237437668,1.916246541818,Her (2013)
186,10419,5.754486994913139,1.990956172882031,Nine Months (1995)
3275,10412,7.761333077218594,1.944971342683032,"Boondock Saints, The (2000)"
44195,10402,7.641222841761199,1.5933909399684612,Thank You for Smoking (2006)
282,10402,6.818880984426072,1.9815214955263114,Nell (1994)
115617,10379,7.759225358897774,1.8537099355970021,Big Hero 6 (2014)
376,10374,6.551089261615577,1.7034119103860252,"River Wild, The (1994)"
1375,10358,6.506178798995945,1.929307376611703,Star Trek III: The Search for Spock (1984)
96079,10350,7.461256038647343,1.7932018497236488,Skyfall (2012)
55247,10328,7.750387296669249,1.8901901159480086,Into the Wild (2007)
84152,10313,7.693105788810239,1.7261530427952592,Limitless (2011)
8376,10304,6.698951863354037,2.312819933722453,Napoleon Dynamite (2004)
1372,10302,6.638419724325374,2.140717845309172,Star Trek VI: The Undiscovered Country (1991)
315,10295,5.783875667799903,2.0240952702844215,"Specialist, The (1994)"
969,10279,8.131724875960696,1.7421227519917497,"African Queen, The (1951)"
2105,10277,6.649119392818916,2.013450405419071,Tron (1982)
785,10260,6.559454191033138,2.073809426849471,Kingpin (1996)
5991,10229,7.052302277837521,2.103849998067378,Chicago (2002)
1569,10220,6.551369863013699,2.0128278026156323,My Best Friend's Wedding (1997)
2407,10200,6.586568627450981,1.8183397475147425,Cocoon (1985)
3752,10198,5.949303785055894,2.137033191532519,"Me, Myself & Irene (2000)"
4643,10163,5.490111187641444,2.068444945521822,Planet of the Apes (2001)
902,10145,7.653031049778216,1.8752673125754322,Breakfast at Tiffany's (1961)
2278,10143,7.153504880212955,1.7858642369775615,Ronin (1998)
1597,10142,6.6558864129363045,1.849026202560802,Conspiracy Theory (1997)
164179,10087,8.0550213145633,1.6944481075836513,Arrival (2016)
1747,10077,7.041778307035824,1.867414823635856,Wag the Dog (1997)
2078,10052,7.300537206526064,1.866744642033247,"Jungle Book, The (1967)"
56782,10044,7.965452011150936,1.876157065346975,There Will Be Blood (2007)
529,10037,7.6984158613131415,1.644286241243952,Searching for Bobby Fischer (1993)
96610,10012,7.310327606871754,1.6805280778560143,Looper (2012)
8984,10005,6.654672663668166,1.9305694926293138,Ocean's Twelve (2004)
